stadium_id,lat,lon,start_date,end_date,avg_wind_sep,avg_wind_oct,avg_wind_nov,avg_wind_dec,avg_wind_jan,avg_temp_f,n_days,fetched_at
acrisure-stadium,40.4468,-80.0158,2015-01-01,2024-12-31,5.6,6.64,7.24,7.27,7.66,53.2,3653,2026-08-24T04:03:33Z
aggie-memorial-stadium,32.2796202,-106.7411148,2015-01-01,2024-12-31,5.74,5.92,5.73,5.36,5.96,66.01,3653,2026-08-24T04:03:33Z
alamodome,29.4169834,-98.4788143,2015-01-01,2024-12-31,6.66,7.18,7.1,6.98,7.46,70.73,3653,2026-08-24T04:03:33Z
albertsons-stadium,43.6028839,-116.1958882,2015-01-01,2024-12-31,5.8,6.28,6.51,6.39,6.74,53.72,3653,2026-08-24T04:03:33Z
allegiant-stadium,36.0909,-115.1833,2015-01-01,2024-12-31,6.79,6.2,5.84,5.0,5.73,70.02,3653,2026-08-24T04:03:33Z
allianz-arena,48.2188,11.6247,2015-01-01,2024-12-31,5.29,5.6,6.15,6.75,7.6,50.04,3653,2026-08-24T04:03:33Z
alumni-stadium,42.335104,-71.1664413,2015-01-01,2024-12-31,7.35,7.93,8.44,8.28,9.09,51.48,3653,2026-08-24T04:03:33Z
amon-g-carter-stadium,32.7096604,-97.3680835,2015-01-01,2024-12-31,7.17,8.85,8.68,8.51,9.23,67.72,3653,2026-08-24T04:03:33Z
apogee-stadium,33.203899,-97.159245,2015-01-01,2024-12-31,6.68,8.24,8.22,8.11,8.47,66.2,3653,2026-08-24T04:03:33Z
arizona-stadium,32.2288054,-110.9488677,2015-01-01,2024-12-31,5.51,5.56,5.14,4.66,5.11,71.49,3653,2026-08-24T04:03:33Z
att-stadium,32.7473,-97.0945,2015-01-01,2024-12-31,7.12,8.84,8.72,8.59,9.26,67.49,3653,2026-08-24T04:03:33Z
autzen-stadium,44.0582712,-123.0684883,2015-01-01,2024-12-31,4.59,4.47,4.79,5.1,5.15,52.84,3653,2026-08-24T04:03:33Z
bank-of-america-stadium,35.2251,-80.8529,2015-01-01,2024-12-31,6.14,6.32,6.57,6.79,7.32,62.16,3653,2026-08-24T04:03:33Z
bbt-field,36.1305507,-80.2545851,2015-01-01,2024-12-31,5.36,5.6,5.81,5.96,6.28,59.61,3653,2026-08-24T04:03:33Z
beaver-stadium,40.8121958,-77.8561023,2015-01-01,2024-12-31,5.47,6.37,6.99,6.89,7.44,50.59,3653,2026-08-24T04:03:33Z
ben-hill-griffin-stadium,29.6499357,-82.3485788,2015-01-01,2024-12-31,5.25,6.29,6.24,6.12,6.5,70.37,3653,2026-08-24T04:03:33Z
benson-field-at-yulman-stadium,29.944616,-90.116692,2015-01-01,2024-12-31,5.93,7.42,7.97,8.25,9.07,70.22,3653,2026-08-24T04:03:33Z
bill-snyder-family-football-stadium,39.2020096,-96.5938395,2015-01-01,2024-12-31,8.53,9.09,8.98,8.69,8.35,57.2,3653,2026-08-24T04:03:33Z
blaik-field-at-michie-stadium,41.3874924,-73.9640891,2015-01-01,2024-12-31,5.52,6.4,6.96,6.91,7.49,51.65,3653,2026-08-24T04:03:33Z
bobby-bowden-field-at-doak-campbell-stadium,30.4381692,-84.3044032,2015-01-01,2024-12-31,5.39,6.33,6.42,6.48,6.98,68.75,3653,2026-08-24T04:03:33Z
bobby-dodd-stadium-at-historic-grant-field,33.7724449,-84.3928054,2015-01-01,2024-12-31,6.09,7.06,7.57,7.96,8.64,62.47,3653,2026-08-24T04:03:33Z
boone-pickens-stadium,36.125673,-97.066513,2015-01-01,2024-12-31,6.98,8.11,8.05,7.88,7.79,61.9,3653,2026-08-24T04:03:33Z
bowers-stadium,30.713926,-95.5419802,2015-01-01,2024-12-31,5.57,6.78,6.94,7.37,7.61,68.66,3653,2026-08-24T04:03:33Z
bridgeforth-stadium,38.4352919,-78.8729349,2015-01-01,2024-12-31,4.52,5.06,5.12,5.2,5.6,54.91,3653,2026-08-24T04:03:33Z
brigham-field-at-huskie-stadium,41.9339586,-88.7778357,2015-01-01,2024-12-31,8.22,9.76,10.03,9.7,9.5,50.41,3653,2026-08-24T04:03:33Z
bright-house-networks-stadium,28.6079765,-81.1927233,2015-01-01,2024-12-31,5.17,6.5,6.56,6.56,7.02,72.4,3653,2026-08-24T04:03:33Z
brooks-stadium,33.7928506,-79.0166946,2015-01-01,2024-12-31,6.68,6.8,7.06,7.12,7.64,65.34,3653,2026-08-24T04:03:33Z
bryant-denny-stadium,33.2082752,-87.5503836,2015-01-01,2024-12-31,4.83,5.71,5.86,6.38,6.66,65.29,3653,2026-08-24T04:03:33Z
bulldog-stadium,36.8143527,-119.7580092,2015-01-01,2024-12-31,5.45,4.68,4.15,4.14,4.47,65.94,3653,2026-08-24T04:03:33Z
caesars-superdome,29.9511,-90.0812,2015-01-01,2024-12-31,6.49,8.06,8.72,8.98,9.84,70.3,3653,2026-08-24T04:03:33Z
cajun-field,30.2158434,-92.0417371,2015-01-01,2024-12-31,5.76,7.12,7.57,8.1,8.66,69.31,3653,2026-08-24T04:03:33Z
california-memorial-stadium,37.8710434,-122.2507729,2015-01-01,2024-12-31,6.35,5.33,5.05,5.8,5.85,56.51,3653,2026-08-24T04:03:33Z
camp-randall-stadium,43.06994,-89.4126943,2015-01-01,2024-12-31,7.54,8.81,9.1,8.65,8.17,48.73,3653,2026-08-24T04:03:33Z
canvas-stadium,40.570015,-105.088435,2015-01-01,2024-12-31,4.72,4.72,4.48,4.5,4.37,48.91,3653,2026-08-24T04:03:33Z
carrier-dome,43.0362269,-76.1363161,2015-01-01,2024-12-31,6.06,7.48,8.46,8.45,8.09,49.03,3653,2026-08-24T04:03:33Z
carter-finley-stadium,35.8008001,-78.7195655,2015-01-01,2024-12-31,5.93,6.2,6.48,6.6,7.17,61.6,3653,2026-08-24T04:03:33Z
centennial-bank-stadium,35.8488977,-90.6677436,2015-01-01,2024-12-31,5.9,7.15,7.46,7.8,7.93,61.78,3653,2026-08-24T04:03:33Z
clarence-tc-ching-athletics-complex,21.294294,-157.819338,2015-01-01,2024-12-31,11.32,10.36,11.73,10.92,8.84,76.3,3653,2026-08-24T04:03:33Z
commonwealth-stadium,38.0220905,-84.5053408,2015-01-01,2024-12-31,5.4,6.46,6.98,7.38,7.41,56.43,3653,2026-08-24T04:03:33Z
croke-park,53.3607,-6.2512,2015-01-01,2024-12-31,9.75,10.53,11.36,12.12,12.09,51.43,3653,2026-08-24T04:03:33Z
darrell-k-royal-texas-memorial-stadium,30.2836813,-97.7325345,2015-01-01,2024-12-31,6.56,7.64,7.62,7.64,8.11,69.66,3653,2026-08-24T04:03:33Z
davis-wade-stadium,33.4563403,-88.7933652,2015-01-01,2024-12-31,5.01,6.01,6.23,6.85,7.13,64.68,3653,2026-08-24T04:03:33Z
delaware-stadium,39.6617428,-75.7488224,2015-01-01,2024-12-31,6.01,6.68,7.14,6.92,7.58,56.0,3653,2026-08-24T04:03:33Z
deutsche-bank-park,50.0686,8.6455,2015-01-01,2024-12-31,5.92,6.43,6.81,7.29,8.08,52.72,3653,2026-08-24T04:03:33Z
dix-stadium,41.1390935,-81.31346,2015-01-01,2024-12-31,6.31,7.67,8.42,8.3,8.57,51.77,3653,2026-08-24T04:03:33Z
donald-w-reynolds-razorback-stadium-frank-broyles-field,36.0680662,-94.1789534,2015-01-01,2024-12-31,5.78,7.01,7.35,7.48,7.18,59.5,3653,2026-08-24T04:03:33Z
dowdy-ficklen-stadium,35.5968486,-77.364564,2015-01-01,2024-12-31,6.27,6.43,6.69,6.82,7.4,62.73,3653,2026-08-24T04:03:33Z
doyt-perry-stadium,41.3780114,-83.6225,2015-01-01,2024-12-31,7.67,9.48,9.92,9.83,10.03,52.38,3653,2026-08-24T04:03:33Z
empower-field-at-mile-high,39.7439,-105.0201,2015-01-01,2024-12-31,5.05,5.37,5.24,5.17,5.41,49.66,3653,2026-08-24T04:03:33Z
estadio-banorte,19.3029,-99.1505,2015-01-01,2024-12-31,3.89,4.57,4.12,3.98,4.51,61.51,3653,2026-08-24T04:03:33Z
everbank-stadium,30.324,-81.6375,2015-01-01,2024-12-31,6.69,7.53,7.57,7.38,7.85,70.25,3653,2026-08-24T04:03:33Z
falcon-stadium,38.9969701,-104.8436165,2015-01-01,2024-12-31,5.47,5.74,5.39,5.34,5.27,46.46,3653,2026-08-24T04:03:33Z
fau-stadium,26.3763763,-80.1015759,2015-01-01,2024-12-31,6.44,8.6,8.56,8.61,9.1,75.89,3653,2026-08-24T04:03:33Z
faurot-field,38.9358491,-92.3332009,2015-01-01,2024-12-31,5.95,7.12,7.28,7.44,7.26,56.52,3653,2026-08-24T04:03:33Z
fifth-third-bank-stadium,34.0289318,-84.5676234,2015-01-01,2024-12-31,5.57,6.51,7.11,7.49,7.97,61.81,3653,2026-08-24T04:03:33Z
fiu-stadium,25.7525014,-80.3778912,2015-01-01,2024-12-31,5.23,6.85,6.93,7.05,7.59,75.79,3653,2026-08-24T04:03:33Z
folsom-field,40.0094746,-105.266905,2015-01-01,2024-12-31,4.62,4.9,4.99,5.29,5.34,48.21,3653,2026-08-24T04:03:33Z
ford-field,42.34,-83.0456,2015-01-01,2024-12-31,8.45,10.14,10.39,10.24,10.38,50.96,3653,2026-08-24T04:03:33Z
foreman-field,36.8889533,-76.3049175,2015-01-01,2024-12-31,8.61,8.65,9.03,8.9,10.21,61.43,3653,2026-08-24T04:03:33Z
gaylord-family-oklahoma-memorial-stadium,35.2058537,-97.4423145,2015-01-01,2024-12-31,7.41,8.77,8.77,8.48,8.6,62.63,3653,2026-08-24T04:03:33Z
geha-field-at-arrowhead-stadium,39.049,-94.4839,2015-01-01,2024-12-31,7.04,8.24,8.21,8.18,8.01,56.83,3653,2026-08-24T04:03:33Z
georgia-state-stadium,33.735267,-84.389949,2015-01-01,2024-12-31,6.18,7.17,7.7,8.11,8.81,62.63,3653,2026-08-24T04:03:33Z
gerald-j-ford-stadium,32.8377223,-96.7827859,2015-01-01,2024-12-31,7.21,8.88,8.69,8.5,9.16,67.17,3653,2026-08-24T04:03:33Z
gillette-stadium,42.0909,-71.2643,2015-01-01,2024-12-31,6.79,7.41,7.97,7.84,8.36,51.3,3653,2026-08-24T04:03:33Z
glass-bowl,41.6574777,-83.6135652,2015-01-01,2024-12-31,7.38,8.95,9.22,9.18,9.31,51.89,3653,2026-08-24T04:03:33Z
hancock-whitney-stadium,30.6943566,-88.0430541,2015-01-01,2024-12-31,6.13,7.13,7.49,7.83,8.52,68.91,3653,2026-08-24T04:03:33Z
hard-rock-stadium,25.958,-80.2389,2015-01-01,2024-12-31,5.5,7.48,7.45,7.48,8.04,75.75,3653,2026-08-24T04:03:33Z
heinz-field,40.4467648,-80.0157603,2015-01-01,2024-12-31,5.6,6.64,7.24,7.27,7.66,53.2,3653,2026-08-24T04:03:33Z
highmark-stadium,42.7738,-78.7868,2015-01-01,2024-12-31,7.57,9.32,10.64,10.68,10.75,49.98,3653,2026-08-24T04:03:33Z
houchens-industries-l-t-smith-stadium,36.9847901,-86.4594041,2015-01-01,2024-12-31,4.85,5.98,6.47,6.89,6.87,59.2,3653,2026-08-24T04:03:33Z
huntington-bank-field,41.5061,-81.6995,2015-01-01,2024-12-31,8.56,10.8,12.01,11.78,11.97,52.13,3653,2026-08-24T04:03:33Z
husky-stadium,47.6503235,-122.3015746,2015-01-01,2024-12-31,6.42,7.14,7.95,7.81,7.48,52.46,3653,2026-08-24T04:03:33Z
jack-trice-stadium,42.0139977,-93.6357716,2015-01-01,2024-12-31,8.94,9.98,10.0,9.54,9.76,50.83,3653,2026-08-24T04:03:33Z
jerry-richardson-stadium,35.3105033,-80.7401194,2015-01-01,2024-12-31,5.58,5.85,5.98,6.24,6.62,61.87,3653,2026-08-24T04:03:33Z
jim-wacker-field-at-bobcat-stadium,29.8910008,-97.9255735,2015-01-01,2024-12-31,6.3,7.3,7.46,7.59,7.91,69.43,3653,2026-08-24T04:03:33Z
joan-c-edwards-stadium,38.4247042,-82.4214412,2015-01-01,2024-12-31,4.83,5.84,6.29,6.49,6.74,57.07,3653,2026-08-24T04:03:33Z
joe-aillet-stadium,32.5321487,-92.6560019,2015-01-01,2024-12-31,5.12,6.15,6.3,6.83,7.07,66.52,3653,2026-08-24T04:03:33Z
john-oquinn-field-at-tdecu-stadium,29.7219885,-95.3491623,2015-01-01,2024-12-31,6.14,7.52,7.74,8.2,8.73,70.2,3653,2026-08-24T04:03:33Z
johnny-red-floyd-stadium,35.8511463,-86.3681649,2015-01-01,2024-12-31,4.49,5.66,6.12,6.7,6.75,60.71,3653,2026-08-24T04:03:33Z
jones-att-stadium,33.5910518,-101.8728824,2015-01-01,2024-12-31,8.78,9.93,9.77,9.72,9.89,62.94,3653,2026-08-24T04:03:33Z
jordan-hare-stadium,32.6025532,-85.4897479,2015-01-01,2024-12-31,5.8,6.46,6.57,6.9,7.16,65.27,3653,2026-08-24T04:03:33Z
jsu-stadium,33.8201052,-85.76647,2015-01-01,2024-12-31,5.1,5.96,6.34,6.86,7.05,63.09,3653,2026-08-24T04:03:33Z
kelly-shorts-stadium,43.5777313,-84.7709904,2015-01-01,2024-12-31,6.75,8.14,8.5,8.33,7.94,48.67,3653,2026-08-24T04:03:33Z
kenan-memorial-stadium,35.9069294,-79.0478889,2015-01-01,2024-12-31,5.56,5.81,6.08,6.19,6.7,61.43,3653,2026-08-24T04:03:33Z
kidd-brewer-stadium,36.2114267,-81.6854278,2015-01-01,2024-12-31,5.14,6.35,7.24,7.39,8.45,52.59,3653,2026-08-24T04:03:33Z
kinnick-stadium,41.6586045,-91.5510829,2015-01-01,2024-12-31,8.22,9.64,9.71,9.29,9.47,51.38,3653,2026-08-24T04:03:33Z
kyle-field,30.6098891,-96.3403828,2015-01-01,2024-12-31,6.61,7.92,8.04,8.28,8.61,69.62,3653,2026-08-24T04:03:33Z
lambeau-field,44.5013,-88.0622,2015-01-01,2024-12-31,7.56,8.67,8.79,8.36,7.95,47.38,3653,2026-08-24T04:03:33Z
lane-stadium,37.2199873,-80.4180643,2015-01-01,2024-12-31,4.79,5.3,5.99,6.28,6.97,54.63,3653,2026-08-24T04:03:33Z
lavell-edwards-stadium,40.2575347,-111.6545247,2015-01-01,2024-12-31,3.96,3.52,3.11,2.87,2.8,50.94,3653,2026-08-24T04:03:33Z
levis-stadium,37.403,-121.97,2015-01-01,2024-12-31,5.42,4.85,4.24,4.47,4.87,60.21,3653,2026-08-24T04:03:33Z
liberty-bowl-memorial-stadium,35.1209429,-89.977147,2015-01-01,2024-12-31,5.81,7.22,7.39,7.88,8.36,62.89,3653,2026-08-24T04:03:33Z
lincoln-financial-field,39.9008,-75.1675,2015-01-01,2024-12-31,6.4,7.11,7.44,7.15,8.02,56.38,3653,2026-08-24T04:03:33Z
los-angeles-memorial-coliseum,34.014167,-118.287778,2015-01-01,2024-12-31,5.77,5.27,5.03,4.96,5.26,63.39,3653,2026-08-24T04:03:33Z
lucas-oil-stadium,39.7601,-86.1637,2015-01-01,2024-12-31,6.31,7.81,8.01,8.09,8.36,54.39,3653,2026-08-24T04:03:33Z
lumen-field,47.5952,-122.3316,2015-01-01,2024-12-31,6.34,6.95,7.7,7.56,7.27,52.52,3653,2026-08-24T04:03:33Z
m-m-roberts-stadium,31.3289321,-89.3318118,2015-01-01,2024-12-31,4.89,5.58,5.95,6.37,6.83,67.39,3653,2026-08-24T04:03:33Z
mackay-stadium,39.5469459,-119.8175435,2015-01-01,2024-12-31,4.36,3.89,3.22,2.97,3.03,53.69,3653,2026-08-24T04:03:33Z
malone-stadium,32.5308089,-92.0660602,2015-01-01,2024-12-31,5.5,6.57,6.69,7.25,7.67,67.08,3653,2026-08-24T04:03:33Z
maracana-stadium,-22.9121,-43.2302,2015-01-01,2024-12-31,5.82,5.99,5.62,5.0,4.64,74.45,3653,2026-08-24T04:03:33Z
martin-stadium,46.731829,-117.160439,2015-01-01,2024-12-31,6.55,7.36,8.33,8.11,9.03,49.7,3653,2026-08-24T04:05:30Z
maryland-stadium,38.990287,-76.947253,2015-01-01,2024-12-31,5.96,6.58,7.0,6.7,7.65,57.27,3653,2026-08-24T04:05:30Z
mclane-stadium,31.558212,-97.115639,2015-01-01,2024-12-31,6.85,8.38,8.31,8.35,8.89,69.16,3653,2026-08-24T04:05:30Z
melbourne-cricket-ground,-37.819832,144.983368,2015-01-01,2024-12-31,9.42,9.3,8.86,8.87,8.69,58.66,3653,2026-08-24T04:05:30Z
memorial-stadium,34.67874,-82.843192,2015-01-01,2024-12-31,4.95,5.09,5.2,5.42,5.64,62.17,3653,2026-08-24T04:05:30Z
memorial-stadium-bloomington,39.180891,-86.525632,2015-01-01,2024-12-31,5.73,7.03,7.4,7.55,7.6,55.09,3653,2026-08-24T04:05:30Z
memorial-stadium-champaign,40.099307,-88.235964,2015-01-01,2024-12-31,7.55,9.41,9.61,9.52,9.67,53.99,3653,2026-08-24T04:05:30Z
memorial-stadium-lawrence,38.963006,-95.24636,2015-01-01,2024-12-31,7.24,8.32,8.28,8.24,7.95,56.89,3653,2026-08-24T04:05:30Z
memorial-stadium-lincoln,40.82063,-96.705635,2015-01-01,2024-12-31,9.24,9.66,9.43,8.96,9.0,53.89,3653,2026-08-24T04:05:30Z
mercedes-benz-stadium,33.755415,-84.400848,2015-01-01,2024-12-31,6.09,7.06,7.57,7.96,8.64,62.4,3653,2026-08-24T04:05:30Z
metlife-stadium,40.813523,-74.074348,2015-01-01,2024-12-31,7.1,7.93,8.15,7.95,8.89,54.44,3653,2026-08-24T04:05:30Z
michigan-stadium,42.265879,-83.74873,2015-01-01,2024-12-31,6.71,8.19,8.63,8.63,8.44,50.07,3653,2026-08-24T04:05:30Z
mountaineer-field-at-milan-puskar-stadium,39.650202,-79.955065,2015-01-01,2024-12-31,5.22,6.29,6.89,7.07,7.35,53.73,3653,2026-08-24T04:05:30Z
mt-bank-stadium,39.277971,-76.622703,2015-01-01,2024-12-31,6.74,7.4,7.66,7.3,8.43,56.76,3653,2026-08-24T04:05:30Z
navy-marine-corps-memorial-stadium,38.984765,-76.507083,2015-01-01,2024-12-31,6.63,7.32,7.68,7.34,8.22,57.33,3653,2026-08-24T04:05:30Z
neo-quimica-arena,-23.545223,-46.474504,2015-01-01,2024-12-31,7.39,7.49,7.23,6.5,6.33,66.56,3653,2026-08-24T04:05:30Z
neyland-stadium,35.954989,-83.924994,2015-01-01,2024-12-31,4.47,5.01,5.16,5.79,6.01,59.87,3653,2026-08-24T04:05:30Z
nippert-stadium,39.131237,-84.516214,2015-01-01,2024-12-31,5.63,6.94,7.28,7.49,7.84,55.69,3653,2026-08-24T04:05:30Z
nissan-stadium,36.166467,-86.771284,2015-01-01,2024-12-31,4.8,5.96,6.32,6.9,7.07,60.64,3653,2026-08-24T04:05:30Z
northwest-stadium,38.90767,-76.864496,2015-01-01,2024-12-31,6.0,6.72,7.2,6.88,7.79,57.43,3653,2026-08-24T04:05:30Z
notre-dame-stadium,41.698378,-86.2339425,2015-01-01,2024-12-31,7.21,8.82,9.2,9.14,8.94,51.19,3653,2026-08-24T04:03:33Z
nrg-stadium,29.6847,-95.4107,2015-01-01,2024-12-31,6.16,7.54,7.75,8.16,8.71,70.25,3653,2026-08-24T04:03:33Z
ohio-stadium,40.0016447,-83.0197266,2015-01-01,2024-12-31,6.11,7.59,8.02,8.05,8.52,53.82,3653,2026-08-24T04:03:33Z
papa-johns-cardinal-stadium,38.2057621,-85.7588141,2015-01-01,2024-12-31,5.18,6.44,6.72,6.99,7.31,57.73,3653,2026-08-24T04:03:33Z
paulson-stadium,32.4122471,-81.7849296,2015-01-01,2024-12-31,6.76,7.07,7.32,7.57,8.17,67.39,3653,2026-08-24T04:03:33Z
paycor-stadium,39.0955,-84.5161,2015-01-01,2024-12-31,5.6,6.88,7.25,7.44,7.78,55.91,3653,2026-08-24T04:03:33Z
peden-stadium,39.3212794,-82.1034315,2015-01-01,2024-12-31,5.26,6.29,6.74,6.87,7.08,55.14,3653,2026-08-24T04:03:33Z
plaster-sports-complex,37.1976229,-93.2798119,2015-01-01,2024-12-31,6.24,7.55,7.83,7.96,7.85,57.46,3653,2026-08-24T04:03:33Z
protective-stadium,33.5206824,-86.8024326,2015-01-01,2024-12-31,5.61,6.62,6.89,7.5,7.86,63.88,3653,2026-08-24T04:03:33Z
raymond-james-stadium,27.9759,-82.5033,2015-01-01,2024-12-31,6.55,8.34,8.14,8.01,8.61,73.24,3653,2026-08-24T04:03:33Z
rentschler-field,41.7595675,-72.6187728,2015-01-01,2024-12-31,5.77,6.39,6.6,6.42,6.97,52.04,3653,2026-08-24T04:03:33Z
reser-stadium,44.5594559,-123.2814341,2015-01-01,2024-12-31,5.3,5.34,5.43,5.46,5.45,52.9,3653,2026-08-24T04:03:33Z
rice-eccles-stadium,40.7599724,-111.8488255,2015-01-01,2024-12-31,5.35,4.5,4.17,3.82,3.74,51.29,3653,2026-08-24T04:03:33Z
rice-stadium,29.7163297,-95.4093261,2015-01-01,2024-12-31,6.16,7.54,7.75,8.16,8.71,70.24,3653,2026-08-24T04:03:33Z
romney-stadium,41.7517394,-111.8116007,2015-01-01,2024-12-31,3.69,3.47,3.12,2.96,3.01,47.07,3653,2026-08-24T04:03:33Z
rose-bowl,34.1613284,-118.1676462,2015-01-01,2024-12-31,3.79,3.62,3.62,3.64,3.87,64.47,3653,2026-08-24T04:03:33Z
ross-ade-stadium,40.4352253,-86.9186843,2015-01-01,2024-12-31,7.41,9.16,9.39,9.31,9.47,53.69,3653,2026-08-24T04:03:33Z
ryan-field,42.0653994,-87.6924751,2015-01-01,2024-12-31,8.35,9.88,10.15,9.83,9.78,50.62,3653,2026-08-24T04:03:33Z
rynearson-stadium,42.256126,-83.647285,2015-01-01,2024-12-31,6.81,8.3,8.72,8.71,8.58,50.22,3653,2026-08-24T04:03:33Z
sanford-stadium,33.9498197,-83.3733813,2015-01-01,2024-12-31,5.22,5.74,6.06,6.39,6.76,63.2,3653,2026-08-24T04:03:33Z
santiago-bernabeu-stadium,40.4531,-3.6883,2015-01-01,2024-12-31,5.7,5.76,6.04,5.38,5.96,58.86,3653,2026-08-24T04:03:33Z
scheumann-stadium,40.2159422,-85.4161148,2015-01-01,2024-12-31,7.35,9.3,9.69,9.71,9.97,53.08,3653,2026-08-24T04:03:33Z
scott-stadium,38.0311801,-78.5137897,2015-01-01,2024-12-31,4.96,5.33,5.46,5.41,5.95,58.05,3653,2026-08-24T04:03:33Z
shi-stadium,40.5462553,-74.4660408,2015-01-01,2024-12-31,6.07,6.67,7.04,6.91,7.56,54.83,3653,2026-08-24T04:03:33Z
skelly-field-at-h-a-chapman-stadium,36.1489175,-95.9437853,2015-01-01,2024-12-31,6.94,8.33,8.28,8.03,8.19,61.64,3653,2026-08-24T04:03:33Z
snapdragon-stadium,32.784444,-117.122833,2015-01-01,2024-12-31,5.56,5.02,5.29,5.07,5.6,62.87,3653,2026-08-24T04:03:33Z
sofi-stadium,33.9535,-118.3391,2015-01-01,2024-12-31,5.77,5.27,5.03,4.96,5.26,63.43,3653,2026-08-24T04:03:33Z
soldier-field,41.8623,-87.6169,2015-01-01,2024-12-31,9.65,11.36,11.51,10.99,11.28,50.91,3653,2026-08-24T04:03:33Z
spartan-stadium,42.7281474,-84.4848526,2015-01-01,2024-12-31,6.76,8.21,8.68,8.59,8.29,49.95,3653,2026-08-24T04:03:33Z
spartan-stadium-san-jose,37.3196675,-121.8682962,2015-01-01,2024-12-31,4.77,4.67,4.36,4.46,4.72,60.06,3653,2026-08-24T04:03:33Z
stade-de-france,48.9244,2.3601,2015-01-01,2024-12-31,6.85,7.55,8.14,8.55,8.62,54.09,3653,2026-08-24T04:03:33Z
stanford-stadium,37.4345556,-122.1611271,2015-01-01,2024-12-31,4.53,4.13,3.92,4.14,4.33,60.13,3653,2026-08-24T04:03:33Z
state-farm-stadium,33.5276,-112.2626,2015-01-01,2024-12-31,5.18,4.79,4.37,3.87,4.3,75.01,3653,2026-08-24T04:03:33Z
summa-field-at-infocision-stadium,41.0725534,-81.5083408,2015-01-01,2024-12-31,6.27,7.7,8.39,8.3,8.63,51.93,3653,2026-08-24T04:03:33Z
sun-bowl-stadium,31.7733353,-106.507957,2015-01-01,2024-12-31,6.64,6.92,6.78,6.07,7.04,66.09,3653,2026-08-24T04:03:33Z
sun-devil-stadium,33.4264471,-111.9325005,2015-01-01,2024-12-31,5.8,5.88,5.46,4.96,5.51,74.88,3653,2026-08-24T04:03:33Z
tcf-bank-stadium,44.976525,-93.2245462,2015-01-01,2024-12-31,7.34,7.8,7.68,7.23,6.92,46.55,3653,2026-08-24T04:03:33Z
tiger-stadium,30.412035,-91.1838163,2015-01-01,2024-12-31,5.54,6.75,7.02,7.48,8.15,69.15,3653,2026-08-24T04:03:33Z
tottenham-hotspur-stadium,51.6043,-0.0664,2015-01-01,2024-12-31,8.26,9.03,9.38,10.15,9.88,52.26,3653,2026-08-24T04:03:33Z
ub-stadium,42.9991334,-78.7775113,2015-01-01,2024-12-31,6.84,8.38,9.02,9.01,9.32,49.78,3653,2026-08-24T04:03:33Z
university-stadium,35.0669479,-106.6283225,2015-01-01,2024-12-31,6.13,6.37,5.72,5.52,5.94,59.5,3653,2026-08-24T04:03:33Z
us-bank-stadium,44.974,-93.2581,2015-01-01,2024-12-31,7.34,7.8,7.68,7.23,6.92,46.57,3653,2026-08-24T04:03:33Z
vanderbilt-stadium,36.1440455,-86.8088942,2015-01-01,2024-12-31,4.79,5.88,6.21,6.79,6.89,60.4,3653,2026-08-24T04:03:33Z
vaught-hemingway-stadium,34.3619837,-89.5342076,2015-01-01,2024-12-31,5.15,6.17,6.43,7.0,7.17,63.27,3653,2026-08-24T04:03:33Z
veterans-memorial-stadium,31.7995565,-85.9518328,2015-01-01,2024-12-31,5.53,6.4,6.48,6.89,7.25,66.68,3653,2026-08-24T04:03:33Z
waldo-stadium,42.2860064,-85.6007573,2015-01-01,2024-12-31,6.73,8.03,8.37,8.39,8.03,50.04,3653,2026-08-24T04:03:33Z
wallace-wade-stadium,35.9953688,-78.9417564,2015-01-01,2024-12-31,5.75,5.96,6.27,6.33,6.9,61.19,3653,2026-08-24T04:03:33Z
war-memorial-stadium,41.31161,-105.5681384,2015-01-01,2024-12-31,7.84,8.41,9.11,9.77,8.64,42.24,3653,2026-08-24T04:03:33Z
warren-mcguirk-alumni-stadium,42.3773244,-72.5360595,2015-01-01,2024-12-31,5.35,5.93,6.3,6.04,6.57,50.22,3653,2026-08-24T04:03:33Z
wembley-stadium,51.556,-0.2795,2015-01-01,2024-12-31,8.15,8.83,9.17,9.91,9.65,52.06,3653,2026-08-24T04:03:33Z
williams-brice-stadium,33.9730239,-81.0191726,2015-01-01,2024-12-31,6.05,6.15,6.34,6.54,7.08,65.01,3653,2026-08-24T04:03:33Z
williams-stadium,37.3544305,-79.1750239,2015-01-01,2024-12-31,5.42,5.87,6.2,6.33,6.81,58.08,3653,2026-08-24T04:03:33Z
yager-stadium,39.5197009,-84.7330255,2015-01-01,2024-12-31,6.44,7.86,8.35,8.58,8.88,53.94,3653,2026-08-24T04:03:33Z
