stadium_id,field,value,note
superior-dome,roof_type,dome,NMU indoor football venue https://nmuwildcats.com/sports/2021/8/16/information-superior-dome.aspx
everbank-stadium,aliases,TIAA Bank Field|TIAA Bank Stadium,Tottenham is a separate London venue; never resolve its name to Jacksonville
carrier-dome,aliases,JMA Wireless Dome|JMA Dome,Current Syracuse venue names; retain the stable stadium ID
holt-arena,aliases,ICCU Dome,Current Idaho State venue name; retain the stable stadium ID
melbourne-cricket-ground,roof_type,open,nflverse lists dome; MCG is open-air
sofi-stadium,roof_type,dome,"fixed translucent roof, open sides; legacy avg_wind=0"
estadio-banorte,elevation_m,2200,Mexico City altitude drives alt component
highmark-stadium,lat,42.773045,"new Highmark Stadium (opens 2026, OSM way/1339149058) is 448 m west of the legacy point; centroid adopted"
highmark-stadium,lon,-78.792195,"new Highmark Stadium (opens 2026, OSM way/1339149058) is 448 m west of the legacy point; centroid adopted"
highmark-stadium,needs_review,0,"lat/lon distance to OSM polygon checked manually (new stadium across the street)"
aviva-stadium,orientation_deg,164.5,pitch runs N-S (OSM rugby pitch way/228122478); stadium footprint MRR wrongly gives E-W
aviva-stadium,orientation_src,manual,pin against build_stadiums rebuild (no american_football pitch tagged in OSM)
